Time(s),Load(N),Disp(mm)
0.000,0.594,0.0000
0.240,3696.471,0.0240
0.481,7395.475,0.0481
0.721,9657.137,0.0721
0.962,9871.083,0.0962
1.202,10003.188,0.1202
1.443,10105.068,0.1443
1.683,10190.658,0.1683
1.924,10259.032,0.1924
2.164,10328.184,0.2164
2.405,10383.281,0.2405
2.645,10437.111,0.2645
2.886,10486.300,0.2886
3.126,10532.226,0.3126
3.367,10576.428,0.3367
3.607,10618.546,0.3607
3.848,10657.457,0.3848
4.088,10694.613,0.4088
4.329,10729.346,0.4329
4.569,10764.925,0.4569
4.810,10794.854,0.4810
5.050,10828.659,0.5050
5.291,10858.893,0.5291
5.531,10889.125,0.5531
5.772,10918.265,0.5772
6.012,10940.946,0.6012
6.253,10970.984,0.6253
6.493,10997.019,0.6493
6.733,11021.564,0.6733
6.974,11044.824,0.6974
7.214,11073.365,0.7214
7.455,11097.278,0.7455
7.695,11119.751,0.7695
7.936,11141.743,0.7936
8.176,11163.071,0.8176
8.417,11185.570,0.8417
8.657,11206.755,0.8657
8.898,11222.932,0.8898
9.138,11249.246,0.9138
9.379,11269.891,0.9379
9.619,11287.595,0.9619
9.860,11307.356,0.9860
10.100,11330.176,1.0100
10.341,11343.754,1.0341
10.581,11362.619,1.0581
10.822,11381.913,1.0822
11.062,11399.944,1.1062
11.303,11418.184,1.1303
11.543,11435.329,1.1543
11.784,11453.864,1.1784
12.024,11468.897,1.2024
12.265,11484.846,1.2265
12.505,11504.247,1.2505
12.745,11519.193,1.2745
12.986,11533.407,1.2986
13.226,11551.687,1.3226
13.467,11566.864,1.3467
13.707,11582.117,1.3707
13.948,11595.516,1.3948
14.188,11611.005,1.4188
14.429,11626.407,1.4429
14.669,11643.615,1.4669
14.910,11652.940,1.4910
15.150,11671.765,1.5150
15.391,11686.020,1.5391
15.631,11701.657,1.5631
15.872,11712.624,1.5872
16.112,11725.721,1.6112
16.353,11738.848,1.6353
16.593,11753.657,1.6593
16.834,11768.929,1.6834
17.074,11779.019,1.7074
17.315,11795.170,1.7315
17.555,11807.391,1.7555
17.796,11821.858,1.7796
18.036,11833.386,1.8036
18.277,11846.054,1.8277
18.517,11857.465,1.8517
18.758,11869.895,1.8758
18.998,11883.085,1.8998
19.238,11894.156,1.9238
19.479,11909.283,1.9479
19.719,11919.145,1.9719
19.960,11931.350,1.9960
20.200,11943.399,2.0200
20.441,11957.858,2.0441
20.681,11968.657,2.0681
20.922,11981.513,2.0922
21.162,11990.152,2.1162
21.403,12001.619,2.1403
21.643,12014.200,2.1643
21.884,12024.187,2.1884
22.124,12037.617,2.2124
22.365,12046.897,2.2365
22.605,12056.284,2.2605
22.846,12067.311,2.2846
23.086,12076.665,2.3086
23.327,12088.593,2.3327
23.567,12100.973,2.3567
23.808,12110.166,2.3808
24.048,12120.344,2.4048
24.289,12131.460,2.4289
24.529,12143.042,2.4529
24.770,12152.490,2.4770
25.010,12163.248,2.5010
25.251,12174.935,2.5251
25.491,12183.367,2.5491
25.731,12192.455,2.5731
25.972,12205.788,2.5972
26.212,12215.118,2.6212
26.453,12226.476,2.6453
26.693,12233.493,2.6693
26.934,12243.780,2.6934
27.174,12253.685,2.7174
27.415,12263.655,2.7415
27.655,12273.402,2.7655
27.896,12282.193,2.7896
28.136,12295.368,2.8136
28.377,12302.692,2.8377
28.617,12310.125,2.8617
28.858,12318.182,2.8858
29.098,12329.442,2.9098
29.339,12338.497,2.9339
29.579,12345.826,2.9579
29.820,12359.343,2.9820
30.060,12368.167,3.0060
30.301,12375.791,3.0301
30.541,12384.063,3.0541
30.782,12396.027,3.0782
31.022,12399.602,3.1022
31.263,12408.434,3.1263
31.503,12417.851,3.1503
31.743,12426.534,3.1743
31.984,12435.647,3.1984
32.224,12443.990,3.2224
32.465,12453.372,3.2465
32.705,12462.006,3.2705
32.946,12468.994,3.2946
33.186,12480.406,3.3186
33.427,12489.536,3.3427
33.667,12496.944,3.3667
33.908,12505.930,3.3908
34.148,12514.545,3.4148
34.389,12523.535,3.4389
34.629,12529.950,3.4629
34.870,12538.177,3.4870
35.110,12544.974,3.5110
35.351,12553.913,3.5351
35.591,12566.664,3.5591
35.832,12572.282,3.5832
36.072,12578.932,3.6072
36.313,12588.897,3.6313
36.553,12594.226,3.6553
36.794,12602.937,3.6794
37.034,12615.097,3.7034
37.275,12617.846,3.7275
37.515,12626.943,3.7515
37.756,12634.794,3.7756
37.996,12642.507,3.7996
38.236,12648.938,3.8236
38.477,12659.991,3.8477
38.717,12664.507,3.8717
38.958,12673.862,3.8958
39.198,12681.613,3.9198
39.439,12687.573,3.9439
39.679,12696.253,3.9679
39.920,12700.527,3.9920
40.160,12711.275,4.0160
40.401,12716.143,4.0401
40.641,12725.591,4.0641
40.882,12732.799,4.0882
41.122,12743.221,4.1122
41.363,12748.200,4.1363
41.603,12756.855,4.1603
41.844,12764.415,4.1844
42.084,12770.504,4.2084
42.325,12777.029,4.2325
42.565,12784.862,4.2565
42.806,12790.625,4.2806
43.046,12801.285,4.3046
43.287,12804.654,4.3287
43.527,12815.071,4.3527
43.768,12818.443,4.3768
44.008,12827.554,4.4008
44.248,12834.102,4.4248
44.489,12841.583,4.4489
44.729,12848.690,4.4729
44.970,12852.807,4.4970
45.210,12864.669,4.5210
45.451,12871.255,4.5451
45.691,12874.038,4.5691
45.932,12883.193,4.5932
46.172,12890.399,4.6172
46.413,12898.223,4.6413
46.653,12902.983,4.6653
46.894,12908.562,4.6894
47.134,12918.474,4.7134
47.375,12924.448,4.7375
47.615,12932.474,4.7615
47.856,12938.006,4.7856
48.096,12944.557,4.8096
48.337,12951.478,4.8337
48.577,12955.725,4.8577
48.818,12966.028,4.8818
49.058,12971.536,4.9058
49.299,12978.110,4.9299
49.539,12985.078,4.9539
49.780,12989.363,4.9780
50.020,12996.301,5.0020
50.261,13005.379,5.0261
50.501,13010.871,5.0501
50.741,13015.374,5.0741
50.982,13023.596,5.0982
51.222,13026.991,5.1222
51.463,13033.665,5.1463
51.703,13045.862,5.1703
51.944,13047.388,5.1944
52.184,13054.598,5.2184
52.425,13059.237,5.2425
52.665,13064.655,5.2665
52.906,13072.945,5.2906
53.146,13078.604,5.3146
53.387,13087.935,5.3387
53.627,13091.002,5.3627
53.868,13100.144,5.3868
54.108,13101.657,5.4108
54.349,13108.958,5.4349
54.589,13114.256,5.4589
54.830,13119.831,5.4830
55.070,13129.506,5.5070
55.311,13132.294,5.5311
55.551,13142.310,5.5551
55.792,13147.331,5.5792
56.032,13152.612,5.6032
56.273,13163.757,5.6273
56.513,13166.954,5.6513
56.754,13172.553,5.6754
56.994,13177.796,5.6994
57.234,13181.206,5.7234
57.475,13187.188,5.7475
57.715,13196.050,5.7715
57.956,13202.056,5.7956
58.196,13210.860,5.8196
58.437,13210.732,5.8437
58.677,13219.152,5.8677
58.918,13222.566,5.8918
59.158,13227.949,5.9158
59.399,13236.735,5.9399
59.639,13240.973,5.9639
59.880,13246.926,5.9880
60.120,13251.141,6.0120
60.361,13257.597,6.0361
60.601,13268.082,6.0601
60.842,13274.514,6.0842
61.082,13277.413,6.1082
61.323,13279.747,6.1323
61.563,13286.060,6.1563
61.804,13290.043,6.1804
62.044,13299.115,6.2044
62.285,13303.381,6.2285
62.525,13308.687,6.2525
62.766,13316.305,6.2766
63.006,13319.665,6.3006
63.246,13325.940,6.3246
63.487,13330.094,6.3487
63.727,13336.190,6.3727
63.968,13341.042,6.3968
64.208,13347.899,6.4208
64.449,13352.851,6.4449
64.689,13359.608,6.4689
64.930,13365.124,6.4930
65.170,13369.532,6.5170
65.411,13377.944,6.5411
65.651,13380.971,6.5651
65.892,13387.019,6.5892
66.132,13389.989,6.6132
66.373,13399.882,6.6373
66.613,13401.173,6.6613
66.854,13408.381,6.6854
67.094,13413.373,6.7094
67.335,13417.155,6.7335
67.575,13425.177,6.7575
67.816,13429.905,6.7816
68.056,13434.861,6.8056
68.297,13439.601,6.8297
68.537,13446.264,6.8537
68.778,13451.054,6.8778
69.018,13456.128,6.9018
69.259,13456.879,6.9259
69.499,13465.762,6.9499
69.739,13473.857,6.9739
69.980,13477.311,6.9980
70.220,13482.168,7.0220
70.461,13485.653,7.0461
70.701,13492.390,7.0701
70.942,13497.577,7.0942
71.182,13502.811,7.1182
71.423,13507.956,7.1423
71.663,13512.521,7.1663
71.904,13517.149,7.1904
72.144,13520.530,7.2144
72.385,13527.045,7.2385
72.625,13534.457,7.2625
72.866,13538.104,7.2866
73.106,13542.402,7.3106
73.347,13549.774,7.3347
73.587,13554.349,7.3587
73.828,13558.893,7.3828
74.068,13564.964,7.4068
74.309,13569.634,7.4309
74.549,13574.736,7.4549
74.790,13579.093,7.4790
75.030,13582.382,7.5030
75.271,13586.943,7.5271
75.511,13591.174,7.5511
75.752,13598.115,7.5752
75.992,13601.335,7.5992
76.232,13606.742,7.6232
76.473,13612.654,7.6473
76.713,13619.839,7.6713
76.954,13623.837,7.6954
77.194,13628.998,7.7194
77.435,13633.682,7.7435
77.675,13636.701,7.7675
77.916,13643.694,7.7916
78.156,13645.787,7.8156
78.397,13652.905,7.8397
78.637,13656.990,7.8637
78.878,13660.986,7.8878
79.118,13666.591,7.9118
79.359,13673.914,7.9359
79.599,13676.951,7.9599
79.840,13676.971,7.9840
80.080,13685.428,8.0080
80.321,13691.564,8.0321
80.561,13696.637,8.0561
80.802,13700.388,8.0802
81.042,13705.464,8.1042
81.283,13708.389,8.1283
81.523,13714.669,8.1523
81.764,13721.098,8.1764
82.004,13721.670,8.2004
82.244,13728.664,8.2244
82.485,13734.931,8.2485
82.725,13735.600,8.2725
82.966,13744.317,8.2966
83.206,13746.592,8.3206
83.447,13750.541,8.3447
83.687,13754.211,8.3687
83.928,13759.920,8.3928
84.168,13765.379,8.4168
84.409,13768.803,8.4409
84.649,13773.737,8.4649
84.890,13779.364,8.4890
85.130,13782.951,8.5130
85.371,13789.157,8.5371
85.611,13793.565,8.5611
85.852,13797.870,8.5852
86.092,13804.498,8.6092
86.333,13806.810,8.6333
86.573,13810.365,8.6573
86.814,13814.497,8.6814
87.054,13819.561,8.7054
87.295,13826.170,8.7295
87.535,13828.377,8.7535
87.776,13834.181,8.7776
88.016,13837.273,8.8016
88.257,13843.303,8.8257
88.497,13847.311,8.8497
88.737,13850.302,8.8737
88.978,13859.736,8.8978
89.218,13859.162,8.9218
89.459,13864.471,8.9459
89.699,13869.590,8.9699
89.940,13874.643,8.9940
90.180,13870.328,9.0180
90.421,13868.240,9.0421
90.661,13865.047,9.0661
90.902,13857.450,9.0902
91.142,13843.185,9.1142
91.383,13841.452,9.1383
91.623,13833.713,9.1623
91.864,13825.406,9.1864
92.104,13814.785,9.2104
92.345,13801.742,9.2345
92.585,13791.188,9.2585
92.826,13777.179,9.2826
93.066,13766.818,9.3066
93.307,13753.725,9.3307
93.547,13737.362,9.3547
93.788,13725.154,9.3788
94.028,13709.209,9.4028
94.269,13694.191,9.4269
94.509,13679.024,9.4509
94.749,13662.839,9.4749
94.990,13646.734,9.4990
95.230,13629.825,9.5230
95.471,13611.083,9.5471
95.711,13595.201,9.5711
95.952,13575.575,9.5952
96.192,13556.643,9.6192
96.433,13543.271,9.6433
96.673,13521.813,9.6673
96.914,13503.782,9.6914
97.154,13483.674,9.7154
97.395,13462.310,9.7395
97.635,13440.121,9.7635
97.876,13420.621,9.7876
98.116,13397.914,9.8116
98.357,13378.056,9.8357
98.597,13357.942,9.8597
98.838,13335.201,9.8838
99.078,13313.271,9.9078
99.319,13289.571,9.9319
99.559,13268.521,9.9559
99.800,13242.613,9.9800
100.040,13222.266,10.0040
100.281,13197.545,10.0281
100.521,13174.750,10.0521
100.762,13150.839,10.0762
101.002,13124.596,10.1002
101.242,13100.057,10.1242
101.483,13076.569,10.1483
101.723,13052.044,10.1723
101.964,13024.551,10.1964
102.204,13000.593,10.2204
102.445,12971.972,10.2445
102.685,12946.390,10.2685
102.926,12921.557,10.2926
103.166,12894.066,10.3166
103.407,12865.599,10.3407
103.647,12839.693,10.3647
103.888,12811.867,10.3888
104.128,12784.903,10.4128
104.369,12755.675,10.4369
104.609,12727.874,10.4609
104.850,12698.240,10.4850
105.090,12670.692,10.5090
105.331,12640.832,10.5331
105.571,12611.948,10.5571
105.812,12583.523,10.5812
106.052,12553.227,10.6052
106.293,12524.154,10.6293
106.533,12493.482,10.6533
106.774,12464.707,10.6774
107.014,12433.318,10.7014
107.255,12402.679,10.7255
107.495,12372.812,10.7495
107.735,12339.793,10.7735
107.976,12307.539,10.7976
108.216,12278.479,10.8216
108.457,12248.097,10.8457
108.697,12215.869,10.8697
108.938,12180.014,10.8938
109.178,12150.588,10.9178
109.419,12115.881,10.9419
109.659,12083.349,10.9659
109.900,12053.702,10.9900
110.140,12015.759,11.0140
110.381,11986.107,11.0381
110.621,11951.534,11.0621
110.862,11919.115,11.0862
111.102,11882.725,11.1102
111.343,11852.093,11.1343
111.583,11816.923,11.1583
111.824,11779.875,11.1824
112.064,11744.817,11.2064
112.305,11710.634,11.2305
112.545,11674.988,11.2545
112.786,11638.357,11.2786
113.026,11606.947,11.3026
113.267,11570.608,11.3267
113.507,11532.039,11.3507
113.747,11502.734,11.3747
113.988,11461.571,11.3988
114.228,11423.500,11.4228
114.469,11391.635,11.4469
114.709,11353.713,11.4709
114.950,11315.187,11.4950
115.190,11279.241,11.5190
115.431,11241.882,11.5431
115.671,11202.696,11.5671
115.912,11167.083,11.5912
116.152,11129.384,11.6152
116.393,11089.680,11.6393
116.633,11053.831,11.6633
116.874,11013.535,11.6874
117.114,10971.774,11.7114
117.355,10936.191,11.7355
117.595,10897.416,11.7595
117.836,10858.335,11.7836
118.076,10816.857,11.8076
118.317,10779.517,11.8317
118.557,10740.012,11.8557
118.798,10700.987,11.8798
119.038,10662.914,11.9038
119.279,10616.929,11.9279
119.519,10581.222,11.9519
119.760,10538.325,11.9760
120.000,10502.032,12.0000
